[
    {
        "name": "0 mV",
        "hex": "00"
    },
    {
        "name": "-5 mV",
        "hex": "05"
    },
    {
        "name": "-10 mV",
        "hex": "0A"
    },
    {
        "name": "-15 mV",
        "hex": "0F"
    },
    {
        "name": "-20 mV",
        "hex": "14"
    },
    {
        "name": "-25 mV",
        "hex": "19"
    },
    {
        "name": "-30 mV",
        "hex": "1E"
    },
    {
        "name": "-35 mV",
        "hex": "23"
    },
    {
        "name": "-40 mV",
        "hex": "28"
    },
    {
        "name": "-45 mV",
        "hex": "2D"
    },
    {
        "name": "-50 mV",
        "hex": "32"
    },
    {
        "name": "-55 mV",
        "hex": "37"
    },
    {
        "name": "-60 mV",
        "hex": "3C"
    },
    {
        "name": "-65 mV",
        "hex": "41"
    },
    {
        "name": "-70 mV",
        "hex": "46"
    },
    {
        "name": "-75 mV",
        "hex": "4B"
    },
    {
        "name": "-80 mV",
        "hex": "50"
    },
    {
        "name": "-85 mV",
        "hex": "55"
    },
    {
        "name": "-90 mV",
        "hex": "5A"
    },
    {
        "name": "-95 mV",
        "hex": "5F"
    },
    {
        "name": "-100 mV",
        "hex": "64"
    },
    {
        "name": "-105 mV",
        "hex": "69"
    },
    {
        "name": "-110 mV",
        "hex": "6E"
    },
    {
        "name": "-115 mV",
        "hex": "73"
    },
    {
        "name": "-120 mV",
        "hex": "78"
    },
    {
        "name": "-125 mV",
        "hex": "7D"
    },
    {
        "name": "-130 mV",
        "hex": "82"
    },
    {
        "name": "-135 mV",
        "hex": "87"
    },
    {
        "name": "-140 mV",
        "hex": "8C"
    },
    {
        "name": "-145 mV",
        "hex": "91"
    },
    {
        "name": "-150 mV",
        "hex": "96"
    },
    {
        "name": "-155 mV",
        "hex": "9B"
    },
    {
        "name": "-160 mV",
        "hex": "A0"
    },
    {
        "name": "-165 mV",
        "hex": "A5"
    },
    {
        "name": "-170 mV",
        "hex": "AA"
    },
    {
        "name": "-175 mV",
        "hex": "AF"
    },
    {
        "name": "-180 mV",
        "hex": "B4"
    },
    {
        "name": "-185 mV",
        "hex": "B9"
    },
    {
        "name": "-190 mV",
        "hex": "BE"
    },
    {
        "name": "-195 mV",
        "hex": "C3"
    },
    {
        "name": "-200 mV",
        "hex": "C8"
    }
]
