[
    {
        "name": "1600 MHz",
        "hex": "006A18"
    },
    {
        "name": "1996 MHz",
        "hex": "00781E"
    },    
    {
        "name": "2300 MHz",
        "hex": "601823"
    },
    {
        "name": "2323 MHz",
        "hex": "007323"
    },
    {
        "name": "2361 MHz",
        "hex": "000924"
    },
    {
        "name": "2400 MHz",
        "hex": "009F24"
    },
    {
        "name": "2438 MHz",
        "hex": "003525"
    },
    {
        "name": "2476 MHz",
        "hex": "00CB25"
    },
    {
        "name": "2500 MHz",
        "hex": "A02526"
    },
    {
        "name": "2592 MHz",
        "hex": "008D27"
    },
    {
        "name": "2630 MHz",
        "hex": "002328"
    },
    {
        "name": "2665 MHz",
        "hex": "80AC28"
    },
    {
        "name": "2668 MHz",
        "hex": "00B928"
    },
    {
        "name": "2707 MHz",
        "hex": "004F29"
    },
    {
        "name": "2745 MHz",
        "hex": "00E529"
    },
    {
        "name": "2800 MHz",
        "hex": "80B92A"
    }
]