[
    {
        "name": "eBamatic (automatic)",
        "hex": "00000"
    },
    {
        "name": "430 mV",
        "hex": "ae0100"
    },
    {
        "name": "440 mV",
        "hex": "b80100"
    },
    {
        "name": "450 mV",
        "hex": "C20100"
    },
    {
        "name": "460 mV",
        "hex": "cc0100"
    },
    {
        "name": "470 mV",
        "hex": "d60100"
    },
    {
        "name": "480 mV",
        "hex": "e00100"
    },
    {
        "name": "490 mV",
        "hex": "ea0100"
    },
    {
        "name": "500 mV",
        "hex": "F40100"
    },
    {
        "name": "510 mV",
        "hex": "fe0100"
    },
    {
        "name": "520 mV",
        "hex": "080200"
    },
    {
        "name": "530 mV - RAM <= 1734Mhz",
        "hex": "120200"
    },
    {
        "name": "540 mV",
        "hex": "1c0200"
    },
    {
        "name": "550 mV",
        "hex": "260200"
    },
    {
        "name": "560 mV - RAM 1862Mhz",
        "hex": "300200"
    },
    {
        "name": "570 mV",
        "hex": "3a0200"
    },
    {
        "name": "580 mV",
        "hex": "440200"
    },
    {
        "name": "590 mV - RAM 1996Mhz",
        "hex": "4e0200"
    },
    {
        "name": "600 mV",
        "hex": "580200"
    },
    {
        "name": "610 mV",
        "hex": "620200"
    },
    {
        "name": "620 mV - Default",
        "hex": "6c0200"
    },
    {
        "name": "630 mV",
        "hex": "760200"
    },
    {
        "name": "640 mV",
        "hex": "800200"
    },
    {
        "name": "650 mV",
        "hex": "8A0200"
    },
    {
        "name": "660 mV",
        "hex": "940200"
    },
    {
        "name": "670 mV",
        "hex": "9e0200"
    }
]
