[
    {
        "name": "eBamatic (automatic)",
        "hex": "0000"
    },
    {
        "name": "1400MHz",
        "hex": "C05C15"
    },
    {
        "name": "1428MHz - CPU-HI uv DEBUG",
        "hex": "20CA15"
    },
    {
        "name": "1500MHz",
        "hex": "60E316"
    },
    {
        "name": "1600MHz",
        "hex": "006A18"
    },
    {
        "name": "1700MHz",
        "hex": "A0F019"
    },
    {
        "name": "1785MHz - CPU-LOW uV DEBUG",
        "hex": "A83C1B"
    },
    {
        "name": "1800MHz",
        "hex": "40771B"
    },
    {
        "name": "1900MHz",
        "hex": "E0FD1C"
    },
    {
        "name": "2000MHz - E",
        "hex": "80841E"
    },
    {
        "name": "2100MHz",
        "hex": "200B20"
    },
    {
        "name": "2200MHz",
        "hex": "C09121"
    },
    {
        "name": "2300MHz",
        "hex": "601823"
    },
    {
        "name": "2400MHz",
        "hex": "009F24"
    },
    {
        "name": "2500MHz - D",
        "hex": "A02526"
    },
    {
        "name": "2600MHz",
        "hex": "40AC27"
    },
    {
        "name": "2700MHz",
        "hex": "E03229"
    },
    {
        "name": "2800MHz",
        "hex": "80B92A"
    },
    {
        "name": "2900MHz",
        "hex": "20402C"
    },
    {
        "name": "3000MHz - S",
        "hex": "C0C62D"
    }
]