[
    {
        "name": "eBamatic (automatic)",
        "hex": "0000"
    },
    {
        "name": "250 mV",
        "hex": "FA00"
    },
    {
        "name": "275 mV",
        "hex": "1301"
    },
    {
        "name": "300 mV",
        "hex": "2C01"
    },
    {
        "name": "325 mV",
        "hex": "4501"
    },
    {
        "name": "350 mV",
        "hex": "5E01"
    },
    {
        "name": "375 mV",
        "hex": "7701"
    },
    {
        "name": "400 mV",
        "hex": "9100"
    },
    {
        "name": "425 mV",
        "hex": "A901"
    },
    {
        "name": "450 mV",
        "hex": "C201"
    },
    {
        "name": "475 mV",
        "hex": "DB01"
    },
    {
        "name": "500 mV",
        "hex": "F401"
    },
    {
        "name": "525 mV",
        "hex": "0D02"
    },
    {
        "name": "550 mV",
        "hex": "2602"
    },
    {
        "name": "575 mV",
        "hex": "3F02"
    },
    {
        "name": "600 mV",
        "hex": "5802"
    },
    {
        "name": "625 mV",
        "hex": "7102"
    },
    {
        "name": "650 mV",
        "hex": "8A02"
    },
    {
        "name": "675 mV",
        "hex": "A302"
    },
    {
        "name": "700 mV",
        "hex": "BC02"
    },
    {
        "name": "725 mV",
        "hex": "D502"
    },
    {
        "name": "750 mV",
        "hex": "EE02"
    },
    {
        "name": "775 mV",
        "hex": "0703"
    },
    {
        "name": "800 mV",
        "hex": "2300"
    },
    {
        "name": "825 mV",
        "hex": "3903"
    },
    {
        "name": "850 mV",
        "hex": "5203"
    },
    {
        "name": "875 mV",
        "hex": "6B03"
    },
    {
        "name": "900 mV",
        "hex": "8403"
    },
    {
        "name": "925 mV",
        "hex": "9D03"
    },
    {
        "name": "950 mV",
        "hex": "B603"
    },
    {
        "name": "975 mV",
        "hex": "CF03"
    },
    {
        "name": "1000 mV",
        "hex": "E803"
    },
    {
        "name": "1025 mV",
        "hex": "0104"
    },
    {
        "name": "1050 mV",
        "hex": "1A04"
    },
    {
        "name": "1075 mV",
        "hex": "3304"
    },
    {
        "name": "1100 mV",
        "hex": "4C04"
    },
    {
        "name": "1125 mV",
        "hex": "6504"
    },
    {
        "name": "1150 mV",
        "hex": "7E04"
    }
]