[
    {
        "000000": "eBamatic",
        "E0EA18": "1633 MHz",
        "D06B19": "1666 MHz",
        "A0F019": "1700 MHz",
        "88711A": "1733 MHz",
        "70F21A": "1766 MHz",
        "40771B": "1800 MHz",
        "20F81B": "1833 MHz",
        "10791C": "1866 MHz",
        "E0FD1C": "1900 MHz",
        "C87E1D": "1933 MHz",
        "B0FF1D": "1966 MHz",
        "80841E": "2000 MHz",
        "68051F": "2033 MHz",
        "50861F": "2066 MHz",
        "200B20": "2100 MHz",
        "088C20": "2133 MHz",
        "F00C21": "2166 MHz",
        "C09121": "2200 MHz",
        "A81222": "2233 MHz",
        "909322": "2266 MHz",
        "601823": "2300 MHz",
        "489923": "2333 MHz",
        "301A24": "2366 MHz",
        "E81F25": "2433 MHz",
        "D0A025": "2466 MHz",
        "A02526": "2500 MHz",
        "88A626": "2533 MHz",
        "702727": "2566 MHz",
        "40AC27": "2600 MHz",
        "282D28": "2633 MHz",
        "10AE28": "2666 MHz",
        "E03229": "2700 MHz",
        "C8B329": "2733 MHz",
        "B0342A": "2766 MHz",
        "683A2B": "2833 MHz",
        "50BB2B": "2866 MHz",
        "20402C": "2900 MHz",
        "08C12C": "2933 MHz",
        "F0412D": "2966 MHz",
        "A8472E": "3033 MHz",
        "90C82E": "3066 MHz",
        "604D2F": "3100 MHz",
        "48CE2F": "3133 MHz",
        "304F30": "3166 MHz",
        "00D430": "3200 MHz",
        "A83C1B": "1785 MHz",
        "18CB1C": "1887 MHz",
        "F8F31D": "1963 MHz",
        "F8E71F": "2091 MHz",
        "687621": "2193 MHz",
        "D80423": "2295 MHz",
        "489324": "2397 MHz",
        "B82126": "2499 MHz",
        "28B027": "2601 MHz",
        "983E29": "2703 MHz",
        "006A18": "1600 MHz",
        "00771A": "1734 MHz",
        "006B1C": "1862 MHz",
        "00841C": "1868 MHz",
        "00B61C": "1881 MHz",
        "00011D": "1900 MHz",
        "004C1D": "1920 MHz",
        "00971D": "1939 MHz",
        "00E21D": "1958 MHz",
        "002D1E": "1977 MHz",
        "00781E": "1996 MHz",
        "00C31E": "2016 MHz",
        "000E1F": "2035 MHz",
        "00591F": "2054 MHz",
        "00A41F": "2073 MHz",
        "00EF1F": "2092 MHz",
        "003A20": "2112 MHz",
        "008520": "2131 MHz",
        "00D020": "2150 MHz",
        "001B21": "2169 MHz",
        "006621": "2188 MHz",
        "00B121": "2208 MHz",
        "00FC21": "2227 MHz",
        "004722": "2246 MHz",
        "009222": "2265 MHz",
        "00DD22": "2284 MHz",
        "002823": "2304 MHz",
        "007323": "2323 MHz",
        "00BE23": "2342 MHz",
        "000924": "2361 MHz",
        "005424": "2380 MHz",
        "009F24": "2400 MHz",
        "00EA24": "2419 MHz",
        "003525": "2438 MHz",
        "008025": "2457 MHz",
        "00CB25": "2476 MHz",
        "001626": "2496 MHz",
        "006126": "2515 MHz",
        "00AC26": "2534 MHz",
        "00F726": "2553 MHz",
        "004227": "2572 MHz",
        "008D27": "2592 MHz",
        "00D827": "2611 MHz",
        "002328": "2630 MHz",
        "80AC28": "2665 MHz",
        "00B928": "2668 MHz",
        "004F29": "2707 MHz",
        "00E529": "2745 MHz",
        "007B2A": "2784 MHz",
        "80B92A": "2800 MHz",
        "00112B": "2822 MHz",
        "00A72B": "2860 MHz",
        "003D2C": "2899 MHz",
        "80C62C": "2934 MHz",
        "00D32C": "2937 MHz",
        "00692D": "2976 MHz",
        "C0C62D": "3000 MHz",
        "C8632E": "3040 MHz",
        "C8F92E": "3078 MHz",
        "C88F2F": "3117 MHz",
        "C82530": "3155 MHz",
        "C8BB30": "3193 MHz",
        "C85131": "3232 MHz",
        "C8E731": "3270 MHz",
        "C87D32": "3309 MHz"
    }
]