[
    {
        "name": "eBamatic (automatic)",
        "hex": "000000"
    },
    {
        "name": "1180 mV",
        "hex": "9C0400"
    },
    {
        "name": "1190 mV",
        "hex": "A60400"
    },
    {
        "name": "1200 mV",
        "hex": "B00400"
    },
    {
        "name": "1210 mV",
        "hex": "BA0400"
    },
    {
        "name": "1220 mV",
        "hex": "C40400"
    },
    {
        "name": "1230 mV",
        "hex": "CE0400"
    },
    {
        "name": "1235mV",
        "hex": "D30400"
    },
    {
        "name": "1240 mV",
        "hex": "D80400"
    },
    {
        "name": "1250 mV",
        "hex": "E20400"
    },
    {
        "name": "1260 mV",
        "hex": "EC0400"
    },
    {
        "name": "1270 mV",
        "hex": "F60400"
    },
    {
        "name": "1280 mV",
        "hex": "000500"
    },
    {
        "name": "1290 mV",
        "hex": "0A0500"
    },
    {
        "name": "1300 mV",
        "hex": "140500"
    },
    {
        "name": "1310 mV",
        "hex": "1E0500"
    },
    {
        "name": "1320 mV",
        "hex": "280500"
    },
    {
        "name": "1330 mV",
        "hex": "320500"
    },
    {
        "name": "1340 mV",
        "hex": "3C0500"
    },
    {
        "name": "1350 mV",
        "hex": "460500"
    },
    {
        "name": "1360 mV",
        "hex": "500500"
    },
    {
        "name": "1375mV",
        "hex": "5F0500"
    }
]