{
    "0000": "eBamatic",
    "F401": "500 mV",
    "F901": "505 mV",
    "FE01": "510 mV",
    "0302": "515 mV",
    "0802": "520 mV",
    "0D02": "525 mV",
    "1202": "530 mV",
    "1702": "535 mV",
    "1C02": "540 mV",
    "2102": "545 mV",
    "2602": "550 mV",
    "2B02": "555 mV",
    "3002": "560 mV",
    "3502": "565 mV",
    "3A02": "570 mV",
    "3F02": "575 mV",
    "4402": "580 mV",
    "4902": "585 mV",
    "4E02": "590 mV",
    "5302": "595 mV",
    "5802": "600 mV",
    "5D02": "605 mV",
    "6202": "610 mV",
    "6702": "615 mV",
    "6C02": "620 mV",
    "7102": "625 mV",
    "7602": "630 mV",
    "7B02": "635 mV",
    "8002": "640 mV",
    "8502": "645 mV",
    "8A02": "650 mV",
    "8F02": "655 mV",
    "9402": "660 mV",
    "9902": "665 mV",
    "9E02": "670 mV",
    "A302": "675 mV",
    "A802": "680 mV",
    "AD02": "685 mV",
    "B202": "690 mV",
    "B702": "695 mV",
    "BC02": "700 mV",
    "C102": "705 mV",
    "C602": "710 mV",
    "CB02": "715 mV",
    "D002": "720 mV",
    "D502": "725 mV",
    "DA02": "730 mV",
    "DF02": "735 mV",
    "E402": "740 mV",
    "E902": "745 mV",
    "EE02": "750 mV",
    "F302": "755 mV",
    "F802": "760 mV",
    "FD02": "765 mV",
    "0203": "770 mV",
    "0703": "775 mV",
    "0C03": "780 mV",
    "1103": "785 mV",
    "1603": "790 mV",
    "1B03": "795 mV",
    "2003": "800 mV",
    "2503": "805 mV",
    "2A03": "810 mV",
    "2F03": "815 mV",
    "3403": "820 mV",
    "3903": "825 mV",
    "3E03": "830 mV",
    "4303": "835 mV",
    "4803": "840 mV",
    "4D03": "845 mV",
    "5203": "850 mV",
    "5703": "855 mV",
    "5C03": "860 mV",
    "6103": "865 mV",
    "6603": "870 mV",
    "6B03": "875 mV",
    "7003": "880 mV",
    "7503": "885 mV",
    "7A03": "890 mV",
    "7F03": "895 mV"
  }